,dataset,method,accuracy,accuracy,auc_roc,auc_roc,f1_score,f1_score
,,,mean,std,mean,std,mean,std
0,Australian.mat,balanced_softmax,0.863768115942029,0.026327394383456472,0.9357225993689575,0.024642817332981178,0.8637923796395721,0.026089888846145274
1,Australian.mat,deepsmote,0.855072463768116,0.029434921755927376,0.9301452485836966,0.02820537245059346,0.8551464918126168,0.029136062089532018
2,Australian.mat,ldam,0.8594202898550725,0.026426931201174602,0.92976866713681,0.021455056421445007,0.8594142977616899,0.02623480791406874
3,Australian.mat,mlp_focal,0.863768115942029,0.030914100011161637,0.9352947624337032,0.023710847435112932,0.8639733257450759,0.030565705792212683
4,Diabetes.mat,balanced_softmax,0.7447415329768271,0.027923009755453202,0.8317030048916841,0.022780961496773593,0.7481923311416303,0.02625967810906726
5,Diabetes.mat,deepsmote,0.7342925048807402,0.04221130322444254,0.8293333333333333,0.032157062173286115,0.7390753140217494,0.04035376007634294
6,Diabetes.mat,ldam,0.7655886597063069,0.019504092918777294,0.8301313766596786,0.02339797215375237,0.7608466669822789,0.017782804221175605
7,Diabetes.mat,mlp_focal,0.714795008912656,0.03187067092500796,0.829298392732355,0.023892964229246375,0.7200230964765811,0.03208811613675234
8,Echocardiogram.mat,balanced_softmax,0.7931623931623932,0.06590070607248286,0.9043300653594771,0.06927025443148398,0.7989581442892139,0.06395707478474758
9,Echocardiogram.mat,deepsmote,0.7854700854700855,0.08110656278620418,0.8549655047204066,0.1075889963599664,0.7851071151071152,0.08635593263782984
10,Echocardiogram.mat,ldam,0.8236467236467236,0.07089238542065429,0.8931372549019608,0.07492636324139966,0.8240103964407369,0.07004897086497956
11,Echocardiogram.mat,mlp_focal,0.7623931623931623,0.14329308997810652,0.9169934640522875,0.05928651426629554,0.7660730883835121,0.14450217378609267
12,Ecoil.mat,balanced_softmax,0.9664335664335665,0.016600108350306605,0.9906137664758354,0.008799710974739581,0.9665061163977395,0.016502847325255438
13,Ecoil.mat,deepsmote,0.9633566433566434,0.020487243006828255,0.9881307415790175,0.008988039681044219,0.9634411133037132,0.020395774667463975
14,Ecoil.mat,ldam,0.9664335664335665,0.016600108350306605,0.9896085740913328,0.006979295555102584,0.9664841992885632,0.016523594630151274
15,Ecoil.mat,mlp_focal,0.9602797202797204,0.017422273824445177,0.9894369739197325,0.0073693718267521195,0.9603744350945188,0.017335067584064792
16,Fertility.mat,balanced_softmax,0.6,0.21794494717703367,0.6362745098039215,0.12937214683729567,0.6464678753864193,0.22094078316871618
17,Fertility.mat,deepsmote,0.82,0.0758287544405155,0.6186274509803922,0.14697074341183305,0.8104291566555497,0.055800457906897
18,Fertility.mat,ldam,0.8400000000000001,0.11401754250991378,0.6506535947712418,0.1476947036633206,0.8301083309843922,0.09000464804764603
19,Fertility.mat,mlp_focal,0.42000000000000004,0.10368220676663861,0.6441176470588236,0.12070729372434534,0.4904711008289956,0.12500668858695163
20,German.mat,balanced_softmax,0.71,0.019364916731037067,0.7899999999999999,0.025398747447110168,0.7208144987210144,0.017776266442070688
21,German.mat,deepsmote,0.731,0.017102631376487078,0.7838571428571429,0.021726532939244897,0.7366030454253677,0.01729733019828644
22,German.mat,ldam,0.758,0.024135036772294356,0.7772857142857144,0.022641342395881243,0.7485393229845615,0.02595010235853037
23,German.mat,mlp_focal,0.626,0.027703790354390204,0.7823333333333333,0.02809972724426012,0.6371690351975446,0.02879936526338643
24,Haberman.mat,balanced_softmax,0.6959280803807509,0.054737416055543865,0.7033986928104575,0.10209180205595932,0.703800285887447,0.053350557288125995
25,Haberman.mat,deepsmote,0.6666314119513486,0.055315002228408475,0.7071241830065359,0.08777347522536452,0.6831646435282772,0.051045161079571404
26,Haberman.mat,ldam,0.7482284505552618,0.047964215103197566,0.7244444444444444,0.10260683983169404,0.7213819603448061,0.05815795326714985
27,Haberman.mat,mlp_focal,0.42480169222633524,0.04281227594374854,0.7124673202614379,0.10079429186361914,0.4010678590782388,0.07169960417260328
28,Ionosphere.mat,balanced_softmax,0.9515090543259557,0.02398927059711579,0.9888,0.014105073073889177,0.9509797116699132,0.024606664564336966
29,Ionosphere.mat,deepsmote,0.948692152917505,0.016369665377176285,0.9860786324786325,0.006160604076625949,0.9486055972261308,0.016210341751568734
30,Ionosphere.mat,ldam,0.9430181086519115,0.022590565100680436,0.9882666666666667,0.0152594030917349,0.9422431781279561,0.023125884923013356
31,Ionosphere.mat,mlp_focal,0.9429778672032192,0.022684544017012444,0.9900444444444446,0.009138711582204313,0.9423506584064756,0.023158140051191916
32,Monk_1.mat,balanced_softmax,1.0,0.0,1.0,0.0,1.0,0.0
33,Monk_1.mat,deepsmote,1.0,0.0,1.0,0.0,1.0,0.0
34,Monk_1.mat,ldam,1.0,0.0,1.0,0.0,1.0,0.0
35,Monk_1.mat,mlp_focal,1.0,0.0,1.0,0.0,1.0,0.0
36,Monk_2.mat,balanced_softmax,0.9600964187327824,0.03347577170045474,0.9971096311324776,0.0035463227832525537,0.9607142218430533,0.032882646580248795
37,Monk_2.mat,deepsmote,0.8934297520661157,0.05359858385115352,0.9689660241991207,0.025629380684347516,0.8955829778853183,0.05200554577295704
38,Monk_2.mat,ldam,0.9417493112947659,0.03176004342255551,0.9864434937296933,0.010758045970501687,0.9425592736177781,0.030825418432414237
39,Monk_2.mat,mlp_focal,0.8501928374655648,0.05252914691667137,0.9904423763948309,0.011759876275196188,0.8536750097044965,0.05133546006955988
40,Monk_3.mat,balanced_softmax,0.9692710892710892,0.021829898008474905,0.9950085036925429,0.004439933390232804,0.969270193253244,0.02182155187711979
41,Monk_3.mat,deepsmote,0.9729402129402128,0.021110657635594533,0.9955369882089741,0.004576709197831043,0.9729381516318197,0.02110877555588035
42,Monk_3.mat,ldam,0.9711384111384112,0.019508523866059828,0.9951431930509422,0.004786049584684085,0.9711363561363561,0.019508621029453433
43,Monk_3.mat,mlp_focal,0.9656511056511057,0.023497160616350255,0.9951317786985356,0.004484432995016963,0.9656548364346529,0.02348685943199528
44,Pima_Indians.mat,balanced_softmax,0.7447415329768271,0.027923009755453202,0.8317030048916841,0.022780961496773593,0.7481923311416303,0.02625967810906726
45,Pima_Indians.mat,deepsmote,0.7342925048807402,0.04221130322444254,0.8293333333333333,0.032157062173286115,0.7390753140217494,0.04035376007634294
46,Pima_Indians.mat,ldam,0.7655886597063069,0.019504092918777294,0.8301313766596786,0.02339797215375237,0.7608466669822789,0.017782804221175605
47,Pima_Indians.mat,mlp_focal,0.714795008912656,0.03187067092500796,0.829298392732355,0.023892964229246375,0.7200230964765811,0.03208811613675234
48,Plrx.mat,balanced_softmax,0.632132132132132,0.0721599970432468,0.45552447552447556,0.07392744585221572,0.5788115785734371,0.04736179438634959
49,Plrx.mat,deepsmote,0.4837837837837838,0.1002787757199245,0.4288111888111888,0.13552832739696322,0.5058851503289781,0.09480627553624198
50,Plrx.mat,ldam,0.6923423423423423,0.022031688660089716,0.43867132867132874,0.11922297618237179,0.5927835136930855,0.02186127090742787
51,Plrx.mat,mlp_focal,0.46261261261261255,0.15198614732325888,0.4289510489510489,0.07918727473789389,0.41347760799666416,0.15833955858633333
52,Sonar.mat,balanced_softmax,0.8508710801393728,0.03203817542489507,0.9328978572914499,0.031314578242531775,0.8503357964483615,0.03219245752894163
53,Sonar.mat,deepsmote,0.8126596980255517,0.04189966902772619,0.9113022675265239,0.028717702508397974,0.8117054686952899,0.0414895197438312
54,Sonar.mat,ldam,0.8508710801393728,0.020774038772850348,0.9302028292074059,0.02738896325905025,0.8501436536287962,0.020639618164451444
55,Sonar.mat,mlp_focal,0.870150987224158,0.021625879032637615,0.940014562096942,0.03267927625213031,0.8698144166852002,0.021578144618636004
56,Statlog_Heart.mat,balanced_softmax,0.825925925925926,0.042632831234153096,0.8991666666666667,0.03368735612901317,0.8260969850977359,0.04255784005536249
57,Statlog_Heart.mat,deepsmote,0.8185185185185185,0.06334307917217435,0.8983333333333334,0.04624603753462903,0.8182330006704502,0.06354510908805926
58,Statlog_Heart.mat,ldam,0.8074074074074075,0.05943261679956004,0.8941666666666667,0.034949257750114676,0.8073591325737685,0.05980758799318175
59,Statlog_Heart.mat,mlp_focal,0.8148148148148149,0.05071505162084871,0.8922222222222222,0.033543895141062055,0.8146372867756515,0.05126888972921208
60,Votes.mat,balanced_softmax,0.6114942528735632,0.06049516030777368,0.6526248425804474,0.07877369089697145,0.6167163719553332,0.059302538849968126
61,Votes.mat,deepsmote,0.6,0.06211152223497145,0.6271852200635035,0.07197150486679599,0.6054464573867018,0.06094645506637819
62,Votes.mat,ldam,0.632183908045977,0.04525291881615985,0.645882116266874,0.06978485167177546,0.6231635266355522,0.04142377377727438
63,Votes.mat,mlp_focal,0.5563218390804597,0.02885034574255433,0.6305160994580159,0.07023941776359832,0.5528444968756915,0.027689748540056326
64,WDBC.mat,balanced_softmax,0.9806862288464524,0.007311317622394046,0.99662795896828,0.0059355363179076194,0.9806987919104626,0.0072816363069005095
65,WDBC.mat,deepsmote,0.9648657040832169,0.006120686747195614,0.9922223045421539,0.00627262275592423,0.964825141290766,0.00589070001536182
66,WDBC.mat,ldam,0.9789163173420276,0.00782878312632188,0.9963556316365029,0.0056950907467076956,0.9788493937696598,0.00787234165454172
67,WDBC.mat,mlp_focal,0.9754230709517155,0.011410426583082747,0.996559330141053,0.0058992324356642875,0.9754923399603319,0.011315692838337743
